gene,rsid,scope,genotype,pmid,tier,source,population,p_value,conclusion,study_design,verified_title
ABCC11,rs17822931,rsid,,16444273,founding,primary,,,,,A SNP in the ABCC11 gene is the determinant of human earwax type
ADRB1,rs776439595,rsid,,31473062,primary,insource,,,,,A Rare Mutation of beta1-Adrenergic Receptor Affects Sleep/Wake Behaviors
ANGPTL3,rs1168015,rsid,,28538136,primary,insource,,,,,Genetic and Pharmacologic Inactivation of ANGPTL3 and Cardiovascular Disease
APOA2,rs5082,rsid,,17446329,primary,insource,,,APOA2 -265T>C promoter variant: gene-diet interaction affecting body mass index and food intake (not coronary disease; label corrected per Corella 2007),,The -256T>C polymorphism in the apolipoprotein A-II gene promoter is associated with body mass index and food intake in the GOLDN study
APOE,rs121918393,rsid,A/C,31686034,primary,arep,,,Resilience to dominant Alzheimer's (PSEN1-E280A) — APOE Christchurch R136S.,,Resistance to autosomal dominant Alzheimer's disease in an APOE3 Christchurch homozygote: a case report
APOE,rs7412,rsid,,16603077,primary,insource,,,,,Variation at APOE and STH loci and Alzheimer's disease
APOL1,rs60910145,rsid,,20647424,founding,primary,,,,,Association of trypanolytic ApoL1 variants with kidney disease in African Americans
APOL1,rs71785313,rsid,,20647424,founding,primary,,,,,Association of trypanolytic ApoL1 variants with kidney disease in African Americans
APOL1,rs73885319,rsid,,20647424,founding,primary,,,,,Association of trypanolytic ApoL1 variants with kidney disease in African Americans
APP,rs63750847,rsid,,22801501,founding,insource,,,,,A mutation in APP protects against Alzheimer's disease and age-related cognitive decline
BDKRB2,rs7158863,rsid,,29677510,primary,insource,,,,,Physiological and Genetic Adaptations to Diving in Sea Nomads
BDNF,rs6265,rsid,C/C,12553913,primary,arep,,,Learning (BDNF M66V).,,The BDNF val66met polymorphism affects activity-dependent secretion of BDNF and human memory and hippocampal function
BHLHE41,rs121912617,rsid,,19679812,founding,insource,,,,,The transcriptional repressor DEC2 regulates sleep length in mammals
CCR5,rs333,rsid,,8751444,founding,primary,,,,,Resistance to HIV-1 infection in caucasian individuals bearing mutant alleles of the CCR-5 chemokine receptor gene
CETP,rs5882,rsid,G/G,14559957,primary,arep,,,Exceptional longevity & cognition (CETP I405V).,,Unique lipoprotein phenotype and genotype associated with exceptional longevity
CFTR,rs1797973431,rsid,,28499359,primary,insource,,,,,Cystic fibrosis carriership and tuberculosis: hints toward an evolutionary selective advantage of the mutated CFTR gene
CFTR,rs397508136,rsid,,28499359,primary,insource,,,,,Cystic fibrosis carriership and tuberculosis: hints toward an evolutionary selective advantage of the mutated CFTR gene
CFTR,rs397508328,rsid,,28499359,primary,insource,,,,,Cystic fibrosis carriership and tuberculosis: hints toward an evolutionary selective advantage of the mutated CFTR gene
CFTR,rs397508476,rsid,,28499359,primary,insource,,,,,Cystic fibrosis carriership and tuberculosis: hints toward an evolutionary selective advantage of the mutated CFTR gene
CFTR,rs397508657,rsid,,28499359,primary,insource,,,,,Cystic fibrosis carriership and tuberculosis: hints toward an evolutionary selective advantage of the mutated CFTR gene
CFTR,rs74571530,rsid,,28499359,primary,insource,,,,,Cystic fibrosis carriership and tuberculosis: hints toward an evolutionary selective advantage of the mutated CFTR gene
COMT,rs4680,rsid,G/G,12595695,primary,arep,,,"Low anxiety, high risk tolerance (COMT V158M). Adverse effects: ADHD, headaches, etc.",,COMT val158met genotype affects mu-opioid neurotransmitter responses to a pain stressor
EGLN1,rs78561501,rsid,,28373541,primary,insource,,,,,Genetic signatures of high-altitude adaptation in Tibetans
EPAS1,rs116611511,rsid,,28373541,primary,insource,,,,,Genetic signatures of high-altitude adaptation in Tibetans
EPOR,rs121918116,rsid,,8506290,founding,insource,,,,,Truncated erythropoietin receptor causes dominantly inherited benign human erythrocytosis
FAAH,rs324420,rsid,,30929760,primary,insource,,,"FAAH-OUT / FAAH pathway loss: pain insensitivity and elevated anandamide (grounded on the FAAH-OUT microdeletion case, Habib 2019)",,Microdeletion in a FAAH pseudogene identified in a patient with high anandamide concentrations and pain insensitivity
FUT2,rs601338,rsid,,12692541,founding,primary,,,,,Human susceptibility and resistance to Norwalk virus infection
GHR,rs11369980,rsid,,23591370,review,insource,,,,,The GH/IGF-1 axis in ageing and longevity
GHR,rs2910875,rsid,,23591370,review,insource,,,,,The GH/IGF-1 axis in ageing and longevity
GHR,rs2940928,rsid,,23591370,review,insource,,,,,The GH/IGF-1 axis in ageing and longevity
GHR,rs6179,rsid,,23591370,review,insource,,,,,The GH/IGF-1 axis in ageing and longevity
GHR,rs6180,rsid,,23591370,review,insource,,,,,The GH/IGF-1 axis in ageing and longevity
GHR,rs7442754,rsid,,23591370,review,insource,,,,,The GH/IGF-1 axis in ageing and longevity
GLUK4,rs4297478,rsid,,29243543,primary,insource,,,,,"A kainate receptor GluK4 deletion, protective against bipolar disorder, is associated with enhanced cognitive performance in humans"
HBB,rs10768683,rsid,,35811813,population,insource,,,,,"G6PD and HBB polymorphisms in the Senegalese population: prevalence, correlation with clinical malaria"
HBB,rs334,rsid,,35811813,population,insource,,,,,"G6PD and HBB polymorphisms in the Senegalese population: prevalence, correlation with clinical malaria"
HBB,rs35209591,rsid,,35811813,population,insource,,,,,"G6PD and HBB polymorphisms in the Senegalese population: prevalence, correlation with clinical malaria"
HBB,rs713040,rsid,,35811813,population,insource,,,,,"G6PD and HBB polymorphisms in the Senegalese population: prevalence, correlation with clinical malaria"
HBB,rs7480526,rsid,,35811813,population,insource,,,,,"G6PD and HBB polymorphisms in the Senegalese population: prevalence, correlation with clinical malaria"
HBB,rs7946748,rsid,,35811813,population,insource,,,,,"G6PD and HBB polymorphisms in the Senegalese population: prevalence, correlation with clinical malaria"
HSD17B13,rs72613567,rsid,,29562163,founding,insource,,,,,A Protein-Truncating HSD17B13 Variant and Protection from Chronic Liver Disease
IFIH1,rs1990760,rsid,,20844740,primary,primary,,,,,Reduced expression of IFIH1 is protective for type 1 diabetes
IFNL4,rs11322783,rsid,,29070670,primary,insource,,,,,IFN-lambda4 Attenuates Antiviral Responses by Enhancing Negative Regulation of IFN Signaling
IL23R,rs11209026,rsid,,17068223,founding,primary,,,,,A genome-wide association study identifies IL23R as an inflammatory bowel disease gene
LRP5,rs121908668,rsid,,15615112,primary,insource,,,,,The high bone mass family--the role of Wnt/Lrp5 signaling in the regulation of bone mass
MSTN,rs12105165,rsid,,15215484,founding,primary,,,,,Myostatin mutation associated with gross muscle hypertrophy in a child
MSTN,rs1685625618,rsid,,15215484,founding,primary,,,,,Myostatin mutation associated with gross muscle hypertrophy in a child
MSTN,rs1805085,rsid,,15215484,founding,primary,,,,,Myostatin mutation associated with gross muscle hypertrophy in a child
MSTN,rs3187415,rsid,,15215484,founding,primary,,,,,Myostatin mutation associated with gross muscle hypertrophy in a child
MSTN,rs374256136,rsid,,15215484,founding,primary,,,,,Myostatin mutation associated with gross muscle hypertrophy in a child
NPSR1,rs1406844918,rsid,,31619542,primary,insource,,,,,Mutant neuropeptide S receptor reduces sleep duration with preserved memory consolidation
NTRK1,,gene-indel,,8696348,founding,primary,,,,,Mutations in the TRKA/NGF receptor gene in patients with congenital insensitivity to pain with anhidrosis
PCSK9,rs11591147,rsid,G/T T/T,16554528,founding,primary,,,Low LDL cholesterol; lower coronary disease risk (PCSK9 R46L).,,"Sequence variations in PCSK9, low LDL, and protection against coronary heart disease"
PCSK9,rs28362286,rsid,,16554528,founding,primary,,,,,"Sequence variations in PCSK9, low LDL, and protection against coronary heart disease"
PCSK9,rs28362286,rsid,,32846800,primary,insource,,,,,Loss-of-function mutation of PCSK9 as a protective factor in the clinical expression of familial hypercholesterolemia
PCSK9,rs67608943,rsid,,16554528,founding,primary,,,,,"Sequence variations in PCSK9, low LDL, and protection against coronary heart disease"
PCSK9,rs67608943,rsid,,32846800,primary,insource,,,,,Loss-of-function mutation of PCSK9 as a protective factor in the clinical expression of familial hypercholesterolemia
PDE10A,rs3008052,rsid,,29677510,primary,insource,,,,,Physiological and Genetic Adaptations to Diving in Sea Nomads
PRNP,rs267606980,rsid,,26061765,founding,insource,,,,,A naturally occurring variant of the human prion protein completely prevents prion disease
RIMS1,,gene-indel,,35022694,primary,primary,,,,,The human cognition-enhancing CORD7 mutation increases active zone number and synaptic release
SCN9A,,gene-indel,,17167479,founding,primary,,,,,An SCN9A channelopathy causes congenital inability to experience pain
SLC30A8,rs200185429,rsid,,24584071,founding,insource,,,,,Loss-of-function mutations in SLC30A8 protect against type 2 diabetes
TPH2,rs4570625,rsid,T/T,28342337,primary,arep,,,Low aggressiveness / anxiety (TPH2 -703 g/t).,,Nice guys: Homozygocity for the TPH2 -703G/T (rs4570625) minor allele promotes low aggressiveness and low anxiety
